-- phpMyAdmin SQL Dump
-- version 5.2.1
-- https://www.phpmyadmin.net/
--
-- Host: 127.0.0.1
-- Generation Time: Nov 17, 2023 at 02:32 AM
-- Server version: 10.4.28-MariaDB
-- PHP Version: 8.2.4

SET SQL_MODE = "NO_AUTO_VALUE_ON_ZERO";
START TRANSACTION;
SET time_zone = "+00:00";


/*!40101 SET @OLD_CHARACTER_SET_CLIENT=@@CHARACTER_SET_CLIENT */;
/*!40101 SET @OLD_CHARACTER_SET_RESULTS=@@CHARACTER_SET_RESULTS */;
/*!40101 SET @OLD_COLLATION_CONNECTION=@@COLLATION_CONNECTION */;
/*!40101 SET NAMES utf8mb4 */;

--
-- Database: `esxlegacy_50d3c9`
--

-- --------------------------------------------------------

--
-- Table structure for table `addon_account`
--

CREATE TABLE `addon_account` (
  `name` varchar(60) NOT NULL,
  `label` varchar(100) NOT NULL,
  `shared` int(11) NOT NULL
) ENGINE=InnoDB DEFAULT CHARSET=utf8 COLLATE=utf8_general_ci;

--
-- Dumping data for table `addon_account`
--

INSERT INTO `addon_account` (`name`, `label`, `shared`) VALUES
('bank_savings', 'Savings account', 0),
('caution', 'caution', 0),
('society_ambulance', 'EMS', 1),
('society_banker', 'Bank', 1),
('society_cardealer', 'Cardealer', 1),
('society_mechanic', 'Mechanic', 1),
('society_police', 'Police', 1),
('society_taxi', 'Taxi', 1);

-- --------------------------------------------------------

--
-- Table structure for table `addon_account_data`
--

CREATE TABLE `addon_account_data` (
  `id` int(11) NOT NULL,
  `account_name` varchar(100) DEFAULT NULL,
  `money` int(11) NOT NULL,
  `owner` varchar(46) DEFAULT NULL
) ENGINE=InnoDB DEFAULT CHARSET=utf8 COLLATE=utf8_general_ci;

--
-- Dumping data for table `addon_account_data`
--

INSERT INTO `addon_account_data` (`id`, `account_name`, `money`, `owner`) VALUES
(1, 'society_cardealer', 0, NULL),
(2, 'society_police', 0, NULL),
(3, 'society_ambulance', 0, NULL),
(4, 'society_mechanic', 0, NULL),
(5, 'society_taxi', 0, NULL),
(9, 'society_banker', 0, NULL),
(10, 'caution', 0, 'char1:ddaad29d4d4f3554e7282524e6d35fc013ab833d'),
(11, 'bank_savings', 0, 'char1:ddaad29d4d4f3554e7282524e6d35fc013ab833d');

-- --------------------------------------------------------

--
-- Table structure for table `addon_inventory`
--

CREATE TABLE `addon_inventory` (
  `name` varchar(60) NOT NULL,
  `label` varchar(100) NOT NULL,
  `shared` int(11) NOT NULL
) ENGINE=InnoDB DEFAULT CHARSET=utf8 COLLATE=utf8_general_ci;

--
-- Dumping data for table `addon_inventory`
--

INSERT INTO `addon_inventory` (`name`, `label`, `shared`) VALUES
('society_ambulance', 'EMS', 1),
('society_cardealer', 'Cardealer', 1),
('society_mechanic', 'Mechanic', 1),
('society_police', 'Police', 1),
('society_taxi', 'Taxi', 1);

-- --------------------------------------------------------

--
-- Table structure for table `addon_inventory_items`
--

CREATE TABLE `addon_inventory_items` (
  `id` int(11) NOT NULL,
  `inventory_name` varchar(100) NOT NULL,
  `name` varchar(100) NOT NULL,
  `count` int(11) NOT NULL,
  `owner` varchar(46) DEFAULT NULL
) ENGINE=InnoDB DEFAULT CHARSET=utf8 COLLATE=utf8_general_ci;

-- --------------------------------------------------------

--
-- Table structure for table `banking`
--

CREATE TABLE `banking` (
  `identifier` varchar(46) DEFAULT NULL,
  `type` varchar(50) DEFAULT NULL,
  `amount` int(64) DEFAULT NULL,
  `time` bigint(20) DEFAULT NULL,
  `ID` int(11) NOT NULL,
  `balance` int(11) DEFAULT 0
) ENGINE=InnoDB DEFAULT CHARSET=utf8mb4 COLLATE=utf8mb4_general_ci;

-- --------------------------------------------------------

--
-- Table structure for table `billing`
--

CREATE TABLE `billing` (
  `id` int(11) NOT NULL,
  `identifier` varchar(46) DEFAULT NULL,
  `sender` varchar(60) NOT NULL,
  `target_type` varchar(50) NOT NULL,
  `target` varchar(40) NOT NULL,
  `label` varchar(255) NOT NULL,
  `amount` int(11) NOT NULL
) ENGINE=InnoDB DEFAULT CHARSET=utf8 COLLATE=utf8_general_ci;

-- --------------------------------------------------------

--
-- Table structure for table `cardealer_vehicles`
--

CREATE TABLE `cardealer_vehicles` (
  `id` int(11) NOT NULL,
  `vehicle` varchar(255) NOT NULL,
  `price` int(11) NOT NULL
) ENGINE=InnoDB DEFAULT CHARSET=utf8 COLLATE=utf8_general_ci;

-- --------------------------------------------------------

--
-- Table structure for table `datastore`
--

CREATE TABLE `datastore` (
  `name` varchar(60) NOT NULL,
  `label` varchar(100) NOT NULL,
  `shared` int(11) NOT NULL
) ENGINE=InnoDB DEFAULT CHARSET=utf8 COLLATE=utf8_general_ci;

--
-- Dumping data for table `datastore`
--

INSERT INTO `datastore` (`name`, `label`, `shared`) VALUES
('property', 'Property', 0),
('society_ambulance', 'EMS', 1),
('society_mechanic', 'Mechanic', 1),
('society_police', 'Police', 1),
('society_taxi', 'Taxi', 1),
('user_ears', 'Ears', 0),
('user_glasses', 'Glasses', 0),
('user_helmet', 'Helmet', 0),
('user_mask', 'Mask', 0);

-- --------------------------------------------------------

--
-- Table structure for table `datastore_data`
--

CREATE TABLE `datastore_data` (
  `id` int(11) NOT NULL,
  `name` varchar(60) NOT NULL,
  `owner` varchar(46) DEFAULT NULL,
  `data` longtext DEFAULT NULL
) ENGINE=InnoDB DEFAULT CHARSET=utf8 COLLATE=utf8_general_ci;

--
-- Dumping data for table `datastore_data`
--

INSERT INTO `datastore_data` (`id`, `name`, `owner`, `data`) VALUES
(1, 'society_police', NULL, '{}'),
(2, 'society_ambulance', NULL, '{}'),
(3, 'society_mechanic', NULL, '{}'),
(4, 'society_taxi', NULL, '{}'),
(5, 'property', NULL, '{}'),
(6, 'property', NULL, '{}'),
(7, 'user_ears', 'char1:ddaad29d4d4f3554e7282524e6d35fc013ab833d', '{}'),
(8, 'property', 'char1:ddaad29d4d4f3554e7282524e6d35fc013ab833d', '{}'),
(9, 'user_glasses', 'char1:ddaad29d4d4f3554e7282524e6d35fc013ab833d', '{}'),
(10, 'user_helmet', 'char1:ddaad29d4d4f3554e7282524e6d35fc013ab833d', '{}'),
(11, 'user_mask', 'char1:ddaad29d4d4f3554e7282524e6d35fc013ab833d', '{}'),
(12, 'property', NULL, '{}'),
(13, 'property', NULL, '{}'),
(14, 'property', NULL, '{}'),
(15, 'property', NULL, '{}'),
(16, 'property', NULL, '{}'),
(17, 'property', NULL, '{}'),
(18, 'property', NULL, '{}'),
(19, 'property', NULL, '{}'),
(20, 'property', NULL, '{}'),
(21, 'property', NULL, '{}'),
(22, 'property', NULL, '{}'),
(23, 'property', NULL, '{}'),
(24, 'property', NULL, '{}'),
(25, 'property', NULL, '{}'),
(26, 'property', NULL, '{}'),
(27, 'property', NULL, '{}'),
(28, 'property', NULL, '{}'),
(29, 'property', NULL, '{}'),
(30, 'property', NULL, '{}'),
(31, 'property', NULL, '{}'),
(32, 'property', NULL, '{}');

-- --------------------------------------------------------

--
-- Table structure for table `financedata`
--

CREATE TABLE `financedata` (
  `identifier` varchar(46) DEFAULT NULL,
  `max` int(64) DEFAULT NULL,
  `financed` longtext DEFAULT NULL
) ENGINE=InnoDB DEFAULT CHARSET=utf8 COLLATE=utf8_general_ci;

-- --------------------------------------------------------

--
-- Table structure for table `fine_types`
--

CREATE TABLE `fine_types` (
  `id` int(11) NOT NULL,
  `label` varchar(255) DEFAULT NULL,
  `amount` int(11) DEFAULT NULL,
  `category` int(11) DEFAULT NULL
) ENGINE=InnoDB DEFAULT CHARSET=utf8 COLLATE=utf8_general_ci;

--
-- Dumping data for table `fine_types`
--

INSERT INTO `fine_types` (`id`, `label`, `amount`, `category`) VALUES
(1, 'Misuse of a horn', 30, 0),
(2, 'Illegally Crossing a continuous Line', 40, 0),
(3, 'Driving on the wrong side of the road', 250, 0),
(4, 'Illegal U-Turn', 250, 0),
(5, 'Illegally Driving Off-road', 170, 0),
(6, 'Refusing a Lawful Command', 30, 0),
(7, 'Illegally Stopping a Vehicle', 150, 0),
(8, 'Illegal Parking', 70, 0),
(9, 'Failing to Yield to the right', 70, 0),
(10, 'Failure to comply with Vehicle Information', 90, 0),
(11, 'Failing to stop at a Stop Sign ', 105, 0),
(12, 'Failing to stop at a Red Light', 130, 0),
(13, 'Illegal Passing', 100, 0),
(14, 'Driving an illegal Vehicle', 100, 0),
(15, 'Driving without a License', 1500, 0),
(16, 'Hit and Run', 800, 0),
(17, 'Exceeding Speeds Over < 5 mph', 90, 0),
(18, 'Exceeding Speeds Over 5-15 mph', 120, 0),
(19, 'Exceeding Speeds Over 15-30 mph', 180, 0),
(20, 'Exceeding Speeds Over > 30 mph', 300, 0),
(21, 'Impeding traffic flow', 110, 1),
(22, 'Public Intoxication', 90, 1),
(23, 'Disorderly conduct', 90, 1),
(24, 'Obstruction of Justice', 130, 1),
(25, 'Insults towards Civilans', 75, 1),
(26, 'Disrespecting of an LEO', 110, 1),
(27, 'Verbal Threat towards a Civilan', 90, 1),
(28, 'Verbal Threat towards an LEO', 150, 1),
(29, 'Providing False Information', 250, 1),
(30, 'Attempt of Corruption', 1500, 1),
(31, 'Brandishing a weapon in city Limits', 120, 2),
(32, 'Brandishing a Lethal Weapon in city Limits', 300, 2),
(33, 'No Firearms License', 600, 2),
(34, 'Possession of an Illegal Weapon', 700, 2),
(35, 'Possession of Burglary Tools', 300, 2),
(36, 'Grand Theft Auto', 1800, 2),
(37, 'Intent to Sell/Distrube of an illegal Substance', 1500, 2),
(38, 'Frabrication of an Illegal Substance', 1500, 2),
(39, 'Possession of an Illegal Substance ', 650, 2),
(40, 'Kidnapping of a Civilan', 1500, 2),
(41, 'Kidnapping of an LEO', 2000, 2),
(42, 'Robbery', 650, 2),
(43, 'Armed Robbery of a Store', 650, 2),
(44, 'Armed Robbery of a Bank', 1500, 2),
(45, 'Assault on a Civilian', 2000, 3),
(46, 'Assault of an LEO', 2500, 3),
(47, 'Attempt of Murder of a Civilian', 3000, 3),
(48, 'Attempt of Murder of an LEO', 5000, 3),
(49, 'Murder of a Civilian', 10000, 3),
(50, 'Murder of an LEO', 30000, 3),
(51, 'Involuntary manslaughter', 1800, 3),
(52, 'Fraud', 2000, 2);

-- --------------------------------------------------------

--
-- Table structure for table `items`
--

CREATE TABLE `items` (
  `name` varchar(50) NOT NULL,
  `label` varchar(50) NOT NULL,
  `weight` int(11) NOT NULL DEFAULT 1,
  `rare` tinyint(4) NOT NULL DEFAULT 0,
  `can_remove` tinyint(4) NOT NULL DEFAULT 1
) ENGINE=InnoDB DEFAULT CHARSET=utf8 COLLATE=utf8_general_ci;

--
-- Dumping data for table `items`
--

INSERT INTO `items` (`name`, `label`, `weight`, `rare`, `can_remove`) VALUES
('alive_chicken', 'Living chicken', 1, 0, 1),
('bandage', 'Bandage', 2, 0, 1),
('blowpipe', 'Blowtorch', 2, 0, 1),
('bread', 'Bread', 1, 0, 1),
('cannabis', 'Cannabis', 3, 0, 1),
('carokit', 'Body Kit', 3, 0, 1),
('carotool', 'Tools', 2, 0, 1),
('clothe', 'Cloth', 1, 0, 1),
('copper', 'Copper', 1, 0, 1),
('cutted_wood', 'Cut wood', 1, 0, 1),
('diamond', 'Diamond', 1, 0, 1),
('essence', 'Gas', 1, 0, 1),
('fabric', 'Fabric', 1, 0, 1),
('fish', 'Fish', 1, 0, 1),
('fixkit', 'Repair Kit', 3, 0, 1),
('fixtool', 'Repair Tools', 2, 0, 1),
('gazbottle', 'Gas Bottle', 2, 0, 1),
('gold', 'Gold', 1, 0, 1),
('iron', 'Iron', 1, 0, 1),
('marijuana', 'Marijuana', 2, 0, 1),
('medikit', 'Medikit', 2, 0, 1),
('packaged_chicken', 'Chicken fillet', 1, 0, 1),
('packaged_plank', 'Packaged wood', 1, 0, 1),
('petrol', 'Oil', 1, 0, 1),
('petrol_raffin', 'Processed oil', 1, 0, 1),
('phone', 'Phone', 1, 0, 1),
('radio', 'Radio', 1, 0, 1),
('slaughtered_chicken', 'Slaughtered chicken', 1, 0, 1),
('stone', 'Stone', 1, 0, 1),
('washed_stone', 'Washed stone', 1, 0, 1),
('water', 'Water', 1, 0, 1),
('wood', 'Wood', 1, 0, 1),
('wool', 'Wool', 1, 0, 1);

-- --------------------------------------------------------

--
-- Table structure for table `jobs`
--

CREATE TABLE `jobs` (
  `name` varchar(50) NOT NULL,
  `label` varchar(50) DEFAULT NULL,
  `whitelisted` tinyint(1) NOT NULL DEFAULT 0
) ENGINE=InnoDB DEFAULT CHARSET=utf8 COLLATE=utf8_general_ci;

--
-- Dumping data for table `jobs`
--

INSERT INTO `jobs` (`name`, `label`, `whitelisted`) VALUES
('ambulance', 'EMS', 0),
('banker', 'Banker', 0),
('cardealer', 'Cardealer', 0),
('fisherman', 'Fisherman', 0),
('fueler', 'Fueler', 0),
('lumberjack', 'Lumberjack', 0),
('mechanic', 'Mechanic', 0),
('miner', 'Miner', 0),
('police', 'LSPD', 0),
('reporter', 'Reporter', 0),
('slaughterer', 'Butcher', 0),
('tailor', 'Tailor', 0),
('taxi', 'Taxi', 0),
('unemployed', 'Unemployed', 0);

-- --------------------------------------------------------

--
-- Table structure for table `job_grades`
--

CREATE TABLE `job_grades` (
  `id` int(11) NOT NULL,
  `job_name` varchar(50) DEFAULT NULL,
  `grade` int(11) NOT NULL,
  `name` varchar(50) NOT NULL,
  `label` varchar(50) NOT NULL,
  `salary` int(11) NOT NULL,
  `skin_male` longtext NOT NULL,
  `skin_female` longtext NOT NULL
) ENGINE=InnoDB DEFAULT CHARSET=utf8 COLLATE=utf8_general_ci;

--
-- Dumping data for table `job_grades`
--

INSERT INTO `job_grades` (`id`, `job_name`, `grade`, `name`, `label`, `salary`, `skin_male`, `skin_female`) VALUES
(1, 'unemployed', 0, 'unemployed', 'Unemployed', 200, '{}', '{}'),
(2, 'police', 0, 'recruit', 'Recruit', 20, '{}', '{}'),
(3, 'police', 1, 'officer', 'Officer', 40, '{}', '{}'),
(4, 'police', 2, 'sergeant', 'Sergeant', 60, '{}', '{}'),
(5, 'police', 3, 'lieutenant', 'Lieutenant', 85, '{}', '{}'),
(6, 'police', 4, 'boss', 'Captain', 100, '{}', '{}'),
(11, 'cardealer', 0, 'recruit', 'Recruit', 10, '{}', '{}'),
(12, 'cardealer', 1, 'novice', 'Novice', 25, '{}', '{}'),
(13, 'cardealer', 2, 'experienced', 'Experienced', 40, '{}', '{}'),
(14, 'cardealer', 3, 'boss', 'Boss', 0, '{}', '{}'),
(15, 'lumberjack', 0, 'employee', 'Employee', 0, '{}', '{}'),
(16, 'fisherman', 0, 'employee', 'Employee', 0, '{}', '{}'),
(17, 'fueler', 0, 'employee', 'Employee', 0, '{}', '{}'),
(18, 'reporter', 0, 'employee', 'Employee', 0, '{}', '{}'),
(19, 'tailor', 0, 'employee', 'Employee', 0, '{\"mask_1\":0,\"arms\":1,\"glasses_1\":0,\"hair_color_2\":4,\"makeup_1\":0,\"face\":19,\"glasses\":0,\"mask_2\":0,\"makeup_3\":0,\"skin\":29,\"helmet_2\":0,\"lipstick_4\":0,\"sex\":0,\"torso_1\":24,\"makeup_2\":0,\"bags_2\":0,\"chain_2\":0,\"ears_1\":-1,\"bags_1\":0,\"bproof_1\":0,\"shoes_2\":0,\"lipstick_2\":0,\"chain_1\":0,\"tshirt_1\":0,\"eyebrows_3\":0,\"pants_2\":0,\"beard_4\":0,\"torso_2\":0,\"beard_2\":6,\"ears_2\":0,\"hair_2\":0,\"shoes_1\":36,\"tshirt_2\":0,\"beard_3\":0,\"hair_1\":2,\"hair_color_1\":0,\"pants_1\":48,\"helmet_1\":-1,\"bproof_2\":0,\"eyebrows_4\":0,\"eyebrows_2\":0,\"decals_1\":0,\"age_2\":0,\"beard_1\":5,\"shoes\":10,\"lipstick_1\":0,\"eyebrows_1\":0,\"glasses_2\":0,\"makeup_4\":0,\"decals_2\":0,\"lipstick_3\":0,\"age_1\":0}', '{\"mask_1\":0,\"arms\":5,\"glasses_1\":5,\"hair_color_2\":4,\"makeup_1\":0,\"face\":19,\"glasses\":0,\"mask_2\":0,\"makeup_3\":0,\"skin\":29,\"helmet_2\":0,\"lipstick_4\":0,\"sex\":1,\"torso_1\":52,\"makeup_2\":0,\"bags_2\":0,\"chain_2\":0,\"ears_1\":-1,\"bags_1\":0,\"bproof_1\":0,\"shoes_2\":1,\"lipstick_2\":0,\"chain_1\":0,\"tshirt_1\":23,\"eyebrows_3\":0,\"pants_2\":0,\"beard_4\":0,\"torso_2\":0,\"beard_2\":6,\"ears_2\":0,\"hair_2\":0,\"shoes_1\":42,\"tshirt_2\":4,\"beard_3\":0,\"hair_1\":2,\"hair_color_1\":0,\"pants_1\":36,\"helmet_1\":-1,\"bproof_2\":0,\"eyebrows_4\":0,\"eyebrows_2\":0,\"decals_1\":0,\"age_2\":0,\"beard_1\":5,\"shoes\":10,\"lipstick_1\":0,\"eyebrows_1\":0,\"glasses_2\":0,\"makeup_4\":0,\"decals_2\":0,\"lipstick_3\":0,\"age_1\":0}'),
(20, 'miner', 0, 'employee', 'Employee', 0, '{\"tshirt_2\":1,\"ears_1\":8,\"glasses_1\":15,\"torso_2\":0,\"ears_2\":2,\"glasses_2\":3,\"shoes_2\":1,\"pants_1\":75,\"shoes_1\":51,\"bags_1\":0,\"helmet_2\":0,\"pants_2\":7,\"torso_1\":71,\"tshirt_1\":59,\"arms\":2,\"bags_2\":0,\"helmet_1\":0}', '{}'),
(21, 'slaughterer', 0, 'employee', 'Employee', 0, '{\"age_1\":0,\"glasses_2\":0,\"beard_1\":5,\"decals_2\":0,\"beard_4\":0,\"shoes_2\":0,\"tshirt_2\":0,\"lipstick_2\":0,\"hair_2\":0,\"arms\":67,\"pants_1\":36,\"skin\":29,\"eyebrows_2\":0,\"shoes\":10,\"helmet_1\":-1,\"lipstick_1\":0,\"helmet_2\":0,\"hair_color_1\":0,\"glasses\":0,\"makeup_4\":0,\"makeup_1\":0,\"hair_1\":2,\"bproof_1\":0,\"bags_1\":0,\"mask_1\":0,\"lipstick_3\":0,\"chain_1\":0,\"eyebrows_4\":0,\"sex\":0,\"torso_1\":56,\"beard_2\":6,\"shoes_1\":12,\"decals_1\":0,\"face\":19,\"lipstick_4\":0,\"tshirt_1\":15,\"mask_2\":0,\"age_2\":0,\"eyebrows_3\":0,\"chain_2\":0,\"glasses_1\":0,\"ears_1\":-1,\"bags_2\":0,\"ears_2\":0,\"torso_2\":0,\"bproof_2\":0,\"makeup_2\":0,\"eyebrows_1\":0,\"makeup_3\":0,\"pants_2\":0,\"beard_3\":0,\"hair_color_2\":4}', '{\"age_1\":0,\"glasses_2\":0,\"beard_1\":5,\"decals_2\":0,\"beard_4\":0,\"shoes_2\":0,\"tshirt_2\":0,\"lipstick_2\":0,\"hair_2\":0,\"arms\":72,\"pants_1\":45,\"skin\":29,\"eyebrows_2\":0,\"shoes\":10,\"helmet_1\":-1,\"lipstick_1\":0,\"helmet_2\":0,\"hair_color_1\":0,\"glasses\":0,\"makeup_4\":0,\"makeup_1\":0,\"hair_1\":2,\"bproof_1\":0,\"bags_1\":0,\"mask_1\":0,\"lipstick_3\":0,\"chain_1\":0,\"eyebrows_4\":0,\"sex\":1,\"torso_1\":49,\"beard_2\":6,\"shoes_1\":24,\"decals_1\":0,\"face\":19,\"lipstick_4\":0,\"tshirt_1\":9,\"mask_2\":0,\"age_2\":0,\"eyebrows_3\":0,\"chain_2\":0,\"glasses_1\":5,\"ears_1\":-1,\"bags_2\":0,\"ears_2\":0,\"torso_2\":0,\"bproof_2\":0,\"makeup_2\":0,\"eyebrows_1\":0,\"makeup_3\":0,\"pants_2\":0,\"beard_3\":0,\"hair_color_2\":4}'),
(22, 'ambulance', 0, 'ambulance', 'Jr. EMT', 20, '{\"tshirt_2\":0,\"hair_color_1\":5,\"glasses_2\":3,\"shoes\":9,\"torso_2\":3,\"hair_color_2\":0,\"pants_1\":24,\"glasses_1\":4,\"hair_1\":2,\"sex\":0,\"decals_2\":0,\"tshirt_1\":15,\"helmet_1\":8,\"helmet_2\":0,\"arms\":92,\"face\":19,\"decals_1\":60,\"torso_1\":13,\"hair_2\":0,\"skin\":34,\"pants_2\":5}', '{\"tshirt_2\":3,\"decals_2\":0,\"glasses\":0,\"hair_1\":2,\"torso_1\":73,\"shoes\":1,\"hair_color_2\":0,\"glasses_1\":19,\"skin\":13,\"face\":6,\"pants_2\":5,\"tshirt_1\":75,\"pants_1\":37,\"helmet_1\":57,\"torso_2\":0,\"arms\":14,\"sex\":1,\"glasses_2\":0,\"decals_1\":0,\"hair_2\":0,\"helmet_2\":0,\"hair_color_1\":0}'),
(23, 'ambulance', 1, 'doctor', 'EMT', 40, '{\"tshirt_2\":0,\"hair_color_1\":5,\"glasses_2\":3,\"shoes\":9,\"torso_2\":3,\"hair_color_2\":0,\"pants_1\":24,\"glasses_1\":4,\"hair_1\":2,\"sex\":0,\"decals_2\":0,\"tshirt_1\":15,\"helmet_1\":8,\"helmet_2\":0,\"arms\":92,\"face\":19,\"decals_1\":60,\"torso_1\":13,\"hair_2\":0,\"skin\":34,\"pants_2\":5}', '{\"tshirt_2\":3,\"decals_2\":0,\"glasses\":0,\"hair_1\":2,\"torso_1\":73,\"shoes\":1,\"hair_color_2\":0,\"glasses_1\":19,\"skin\":13,\"face\":6,\"pants_2\":5,\"tshirt_1\":75,\"pants_1\":37,\"helmet_1\":57,\"torso_2\":0,\"arms\":14,\"sex\":1,\"glasses_2\":0,\"decals_1\":0,\"hair_2\":0,\"helmet_2\":0,\"hair_color_1\":0}'),
(24, 'ambulance', 2, 'chief_doctor', 'Sr. EMT', 60, '{\"tshirt_2\":0,\"hair_color_1\":5,\"glasses_2\":3,\"shoes\":9,\"torso_2\":3,\"hair_color_2\":0,\"pants_1\":24,\"glasses_1\":4,\"hair_1\":2,\"sex\":0,\"decals_2\":0,\"tshirt_1\":15,\"helmet_1\":8,\"helmet_2\":0,\"arms\":92,\"face\":19,\"decals_1\":60,\"torso_1\":13,\"hair_2\":0,\"skin\":34,\"pants_2\":5}', '{\"tshirt_2\":3,\"decals_2\":0,\"glasses\":0,\"hair_1\":2,\"torso_1\":73,\"shoes\":1,\"hair_color_2\":0,\"glasses_1\":19,\"skin\":13,\"face\":6,\"pants_2\":5,\"tshirt_1\":75,\"pants_1\":37,\"helmet_1\":57,\"torso_2\":0,\"arms\":14,\"sex\":1,\"glasses_2\":0,\"decals_1\":0,\"hair_2\":0,\"helmet_2\":0,\"hair_color_1\":0}'),
(25, 'ambulance', 3, 'boss', 'EMT Supervisor', 80, '{\"tshirt_2\":0,\"hair_color_1\":5,\"glasses_2\":3,\"shoes\":9,\"torso_2\":3,\"hair_color_2\":0,\"pants_1\":24,\"glasses_1\":4,\"hair_1\":2,\"sex\":0,\"decals_2\":0,\"tshirt_1\":15,\"helmet_1\":8,\"helmet_2\":0,\"arms\":92,\"face\":19,\"decals_1\":60,\"torso_1\":13,\"hair_2\":0,\"skin\":34,\"pants_2\":5}', '{\"tshirt_2\":3,\"decals_2\":0,\"glasses\":0,\"hair_1\":2,\"torso_1\":73,\"shoes\":1,\"hair_color_2\":0,\"glasses_1\":19,\"skin\":13,\"face\":6,\"pants_2\":5,\"tshirt_1\":75,\"pants_1\":37,\"helmet_1\":57,\"torso_2\":0,\"arms\":14,\"sex\":1,\"glasses_2\":0,\"decals_1\":0,\"hair_2\":0,\"helmet_2\":0,\"hair_color_1\":0}'),
(26, 'mechanic', 0, 'recrue', 'Recruit', 12, '{}', '{}'),
(27, 'mechanic', 1, 'novice', 'Novice', 24, '{}', '{}'),
(28, 'mechanic', 2, 'experimente', 'Experienced', 36, '{}', '{}'),
(29, 'mechanic', 3, 'chief', 'Leader', 48, '{}', '{}'),
(30, 'mechanic', 4, 'boss', 'Boss', 0, '{}', '{}'),
(31, 'taxi', 0, 'recrue', 'Recruit', 12, '{\"hair_2\":0,\"hair_color_2\":0,\"torso_1\":32,\"bags_1\":0,\"helmet_2\":0,\"chain_2\":0,\"eyebrows_3\":0,\"makeup_3\":0,\"makeup_2\":0,\"tshirt_1\":31,\"makeup_1\":0,\"bags_2\":0,\"makeup_4\":0,\"eyebrows_4\":0,\"chain_1\":0,\"lipstick_4\":0,\"bproof_2\":0,\"hair_color_1\":0,\"decals_2\":0,\"pants_2\":0,\"age_2\":0,\"glasses_2\":0,\"ears_2\":0,\"arms\":27,\"lipstick_1\":0,\"ears_1\":-1,\"mask_2\":0,\"sex\":0,\"lipstick_3\":0,\"helmet_1\":-1,\"shoes_2\":0,\"beard_2\":0,\"beard_1\":0,\"lipstick_2\":0,\"beard_4\":0,\"glasses_1\":0,\"bproof_1\":0,\"mask_1\":0,\"decals_1\":1,\"hair_1\":0,\"eyebrows_2\":0,\"beard_3\":0,\"age_1\":0,\"tshirt_2\":0,\"skin\":0,\"torso_2\":0,\"eyebrows_1\":0,\"face\":0,\"shoes_1\":10,\"pants_1\":24}', '{\"hair_2\":0,\"hair_color_2\":0,\"torso_1\":57,\"bags_1\":0,\"helmet_2\":0,\"chain_2\":0,\"eyebrows_3\":0,\"makeup_3\":0,\"makeup_2\":0,\"tshirt_1\":38,\"makeup_1\":0,\"bags_2\":0,\"makeup_4\":0,\"eyebrows_4\":0,\"chain_1\":0,\"lipstick_4\":0,\"bproof_2\":0,\"hair_color_1\":0,\"decals_2\":0,\"pants_2\":1,\"age_2\":0,\"glasses_2\":0,\"ears_2\":0,\"arms\":21,\"lipstick_1\":0,\"ears_1\":-1,\"mask_2\":0,\"sex\":1,\"lipstick_3\":0,\"helmet_1\":-1,\"shoes_2\":0,\"beard_2\":0,\"beard_1\":0,\"lipstick_2\":0,\"beard_4\":0,\"glasses_1\":5,\"bproof_1\":0,\"mask_1\":0,\"decals_1\":1,\"hair_1\":0,\"eyebrows_2\":0,\"beard_3\":0,\"age_1\":0,\"tshirt_2\":0,\"skin\":0,\"torso_2\":0,\"eyebrows_1\":0,\"face\":0,\"shoes_1\":49,\"pants_1\":11}'),
(32, 'taxi', 1, 'novice', 'Cabby', 24, '{\"hair_2\":0,\"hair_color_2\":0,\"torso_1\":32,\"bags_1\":0,\"helmet_2\":0,\"chain_2\":0,\"eyebrows_3\":0,\"makeup_3\":0,\"makeup_2\":0,\"tshirt_1\":31,\"makeup_1\":0,\"bags_2\":0,\"makeup_4\":0,\"eyebrows_4\":0,\"chain_1\":0,\"lipstick_4\":0,\"bproof_2\":0,\"hair_color_1\":0,\"decals_2\":0,\"pants_2\":0,\"age_2\":0,\"glasses_2\":0,\"ears_2\":0,\"arms\":27,\"lipstick_1\":0,\"ears_1\":-1,\"mask_2\":0,\"sex\":0,\"lipstick_3\":0,\"helmet_1\":-1,\"shoes_2\":0,\"beard_2\":0,\"beard_1\":0,\"lipstick_2\":0,\"beard_4\":0,\"glasses_1\":0,\"bproof_1\":0,\"mask_1\":0,\"decals_1\":1,\"hair_1\":0,\"eyebrows_2\":0,\"beard_3\":0,\"age_1\":0,\"tshirt_2\":0,\"skin\":0,\"torso_2\":0,\"eyebrows_1\":0,\"face\":0,\"shoes_1\":10,\"pants_1\":24}', '{\"hair_2\":0,\"hair_color_2\":0,\"torso_1\":57,\"bags_1\":0,\"helmet_2\":0,\"chain_2\":0,\"eyebrows_3\":0,\"makeup_3\":0,\"makeup_2\":0,\"tshirt_1\":38,\"makeup_1\":0,\"bags_2\":0,\"makeup_4\":0,\"eyebrows_4\":0,\"chain_1\":0,\"lipstick_4\":0,\"bproof_2\":0,\"hair_color_1\":0,\"decals_2\":0,\"pants_2\":1,\"age_2\":0,\"glasses_2\":0,\"ears_2\":0,\"arms\":21,\"lipstick_1\":0,\"ears_1\":-1,\"mask_2\":0,\"sex\":1,\"lipstick_3\":0,\"helmet_1\":-1,\"shoes_2\":0,\"beard_2\":0,\"beard_1\":0,\"lipstick_2\":0,\"beard_4\":0,\"glasses_1\":5,\"bproof_1\":0,\"mask_1\":0,\"decals_1\":1,\"hair_1\":0,\"eyebrows_2\":0,\"beard_3\":0,\"age_1\":0,\"tshirt_2\":0,\"skin\":0,\"torso_2\":0,\"eyebrows_1\":0,\"face\":0,\"shoes_1\":49,\"pants_1\":11}'),
(33, 'taxi', 2, 'experimente', 'Experienced', 36, '{\"hair_2\":0,\"hair_color_2\":0,\"torso_1\":26,\"bags_1\":0,\"helmet_2\":0,\"chain_2\":0,\"eyebrows_3\":0,\"makeup_3\":0,\"makeup_2\":0,\"tshirt_1\":57,\"makeup_1\":0,\"bags_2\":0,\"makeup_4\":0,\"eyebrows_4\":0,\"chain_1\":0,\"lipstick_4\":0,\"bproof_2\":0,\"hair_color_1\":0,\"decals_2\":0,\"pants_2\":4,\"age_2\":0,\"glasses_2\":0,\"ears_2\":0,\"arms\":11,\"lipstick_1\":0,\"ears_1\":-1,\"mask_2\":0,\"sex\":0,\"lipstick_3\":0,\"helmet_1\":-1,\"shoes_2\":0,\"beard_2\":0,\"beard_1\":0,\"lipstick_2\":0,\"beard_4\":0,\"glasses_1\":0,\"bproof_1\":0,\"mask_1\":0,\"decals_1\":0,\"hair_1\":0,\"eyebrows_2\":0,\"beard_3\":0,\"age_1\":0,\"tshirt_2\":0,\"skin\":0,\"torso_2\":0,\"eyebrows_1\":0,\"face\":0,\"shoes_1\":10,\"pants_1\":24}', '{\"hair_2\":0,\"hair_color_2\":0,\"torso_1\":57,\"bags_1\":0,\"helmet_2\":0,\"chain_2\":0,\"eyebrows_3\":0,\"makeup_3\":0,\"makeup_2\":0,\"tshirt_1\":38,\"makeup_1\":0,\"bags_2\":0,\"makeup_4\":0,\"eyebrows_4\":0,\"chain_1\":0,\"lipstick_4\":0,\"bproof_2\":0,\"hair_color_1\":0,\"decals_2\":0,\"pants_2\":1,\"age_2\":0,\"glasses_2\":0,\"ears_2\":0,\"arms\":21,\"lipstick_1\":0,\"ears_1\":-1,\"mask_2\":0,\"sex\":1,\"lipstick_3\":0,\"helmet_1\":-1,\"shoes_2\":0,\"beard_2\":0,\"beard_1\":0,\"lipstick_2\":0,\"beard_4\":0,\"glasses_1\":5,\"bproof_1\":0,\"mask_1\":0,\"decals_1\":1,\"hair_1\":0,\"eyebrows_2\":0,\"beard_3\":0,\"age_1\":0,\"tshirt_2\":0,\"skin\":0,\"torso_2\":0,\"eyebrows_1\":0,\"face\":0,\"shoes_1\":49,\"pants_1\":11}'),
(34, 'taxi', 3, 'uber', 'Uber Cabby', 48, '{\"hair_2\":0,\"hair_color_2\":0,\"torso_1\":26,\"bags_1\":0,\"helmet_2\":0,\"chain_2\":0,\"eyebrows_3\":0,\"makeup_3\":0,\"makeup_2\":0,\"tshirt_1\":57,\"makeup_1\":0,\"bags_2\":0,\"makeup_4\":0,\"eyebrows_4\":0,\"chain_1\":0,\"lipstick_4\":0,\"bproof_2\":0,\"hair_color_1\":0,\"decals_2\":0,\"pants_2\":4,\"age_2\":0,\"glasses_2\":0,\"ears_2\":0,\"arms\":11,\"lipstick_1\":0,\"ears_1\":-1,\"mask_2\":0,\"sex\":0,\"lipstick_3\":0,\"helmet_1\":-1,\"shoes_2\":0,\"beard_2\":0,\"beard_1\":0,\"lipstick_2\":0,\"beard_4\":0,\"glasses_1\":0,\"bproof_1\":0,\"mask_1\":0,\"decals_1\":0,\"hair_1\":0,\"eyebrows_2\":0,\"beard_3\":0,\"age_1\":0,\"tshirt_2\":0,\"skin\":0,\"torso_2\":0,\"eyebrows_1\":0,\"face\":0,\"shoes_1\":10,\"pants_1\":24}', '{\"hair_2\":0,\"hair_color_2\":0,\"torso_1\":57,\"bags_1\":0,\"helmet_2\":0,\"chain_2\":0,\"eyebrows_3\":0,\"makeup_3\":0,\"makeup_2\":0,\"tshirt_1\":38,\"makeup_1\":0,\"bags_2\":0,\"makeup_4\":0,\"eyebrows_4\":0,\"chain_1\":0,\"lipstick_4\":0,\"bproof_2\":0,\"hair_color_1\":0,\"decals_2\":0,\"pants_2\":1,\"age_2\":0,\"glasses_2\":0,\"ears_2\":0,\"arms\":21,\"lipstick_1\":0,\"ears_1\":-1,\"mask_2\":0,\"sex\":1,\"lipstick_3\":0,\"helmet_1\":-1,\"shoes_2\":0,\"beard_2\":0,\"beard_1\":0,\"lipstick_2\":0,\"beard_4\":0,\"glasses_1\":5,\"bproof_1\":0,\"mask_1\":0,\"decals_1\":1,\"hair_1\":0,\"eyebrows_2\":0,\"beard_3\":0,\"age_1\":0,\"tshirt_2\":0,\"skin\":0,\"torso_2\":0,\"eyebrows_1\":0,\"face\":0,\"shoes_1\":49,\"pants_1\":11}'),
(35, 'taxi', 4, 'boss', 'Lead Cabby', 0, '{\"hair_2\":0,\"hair_color_2\":0,\"torso_1\":29,\"bags_1\":0,\"helmet_2\":0,\"chain_2\":0,\"eyebrows_3\":0,\"makeup_3\":0,\"makeup_2\":0,\"tshirt_1\":31,\"makeup_1\":0,\"bags_2\":0,\"makeup_4\":0,\"eyebrows_4\":0,\"chain_1\":0,\"lipstick_4\":0,\"bproof_2\":0,\"hair_color_1\":0,\"decals_2\":0,\"pants_2\":4,\"age_2\":0,\"glasses_2\":0,\"ears_2\":0,\"arms\":1,\"lipstick_1\":0,\"ears_1\":-1,\"mask_2\":0,\"sex\":0,\"lipstick_3\":0,\"helmet_1\":-1,\"shoes_2\":0,\"beard_2\":0,\"beard_1\":0,\"lipstick_2\":0,\"beard_4\":0,\"glasses_1\":0,\"bproof_1\":0,\"mask_1\":0,\"decals_1\":0,\"hair_1\":0,\"eyebrows_2\":0,\"beard_3\":0,\"age_1\":0,\"tshirt_2\":0,\"skin\":0,\"torso_2\":4,\"eyebrows_1\":0,\"face\":0,\"shoes_1\":10,\"pants_1\":24}', '{\"hair_2\":0,\"hair_color_2\":0,\"torso_1\":57,\"bags_1\":0,\"helmet_2\":0,\"chain_2\":0,\"eyebrows_3\":0,\"makeup_3\":0,\"makeup_2\":0,\"tshirt_1\":38,\"makeup_1\":0,\"bags_2\":0,\"makeup_4\":0,\"eyebrows_4\":0,\"chain_1\":0,\"lipstick_4\":0,\"bproof_2\":0,\"hair_color_1\":0,\"decals_2\":0,\"pants_2\":1,\"age_2\":0,\"glasses_2\":0,\"ears_2\":0,\"arms\":21,\"lipstick_1\":0,\"ears_1\":-1,\"mask_2\":0,\"sex\":1,\"lipstick_3\":0,\"helmet_1\":-1,\"shoes_2\":0,\"beard_2\":0,\"beard_1\":0,\"lipstick_2\":0,\"beard_4\":0,\"glasses_1\":5,\"bproof_1\":0,\"mask_1\":0,\"decals_1\":1,\"hair_1\":0,\"eyebrows_2\":0,\"beard_3\":0,\"age_1\":0,\"tshirt_2\":0,\"skin\":0,\"torso_2\":0,\"eyebrows_1\":0,\"face\":0,\"shoes_1\":49,\"pants_1\":11}'),
(36, 'banker', 0, 'advisor', 'Consultant', 10, '{}', '{}'),
(37, 'banker', 1, 'banker', 'Banker', 20, '{}', '{}'),
(38, 'banker', 2, 'business_banker', 'Investment banker', 30, '{}', '{}'),
(39, 'banker', 3, 'trader', 'Broker', 40, '{}', '{}'),
(40, 'banker', 4, 'boss', 'Boss', 0, '{}', '{}');

-- --------------------------------------------------------

--
-- Table structure for table `licenses`
--

CREATE TABLE `licenses` (
  `type` varchar(60) NOT NULL,
  `label` varchar(60) NOT NULL
) ENGINE=InnoDB DEFAULT CHARSET=utf8 COLLATE=utf8_general_ci;

--
-- Dumping data for table `licenses`
--

INSERT INTO `licenses` (`type`, `label`) VALUES
('boat', 'Boat License'),
('dmv', 'Driving Permit'),
('drive', 'Drivers License'),
('drive_bike', 'Motorcycle License'),
('drive_truck', 'Commercial Drivers License'),
('weapon', 'Weapon License'),
('weed_processing', 'Weed Processing License');

-- --------------------------------------------------------

--
-- Table structure for table `movableshops`
--

CREATE TABLE `movableshops` (
  `identifier` varchar(46) DEFAULT NULL,
  `owner` varchar(46) DEFAULT NULL,
  `money` longtext DEFAULT NULL,
  `items` longtext DEFAULT NULL,
  `plate` varchar(64) DEFAULT NULL,
  `type` varchar(64) DEFAULT NULL,
  `shopname` varchar(64) DEFAULT NULL
) ENGINE=InnoDB DEFAULT CHARSET=utf8 COLLATE=utf8_general_ci;

-- --------------------------------------------------------

--
-- Table structure for table `multicharacter_slots`
--

CREATE TABLE `multicharacter_slots` (
  `identifier` varchar(46) NOT NULL,
  `slots` int(11) NOT NULL
) ENGINE=InnoDB DEFAULT CHARSET=utf8 COLLATE=utf8_general_ci;

-- --------------------------------------------------------

--
-- Table structure for table `owned_vehicles`
--

CREATE TABLE `owned_vehicles` (
  `owner` varchar(46) DEFAULT NULL,
  `plate` varchar(12) NOT NULL,
  `vehicle` longtext DEFAULT NULL,
  `type` varchar(20) NOT NULL DEFAULT 'car',
  `job` varchar(20) DEFAULT NULL,
  `stored` tinyint(4) NOT NULL DEFAULT 0,
  `parking` varchar(60) DEFAULT NULL,
  `pound` varchar(60) DEFAULT NULL,
  `mileage` float DEFAULT 0,
  `trunk` longtext DEFAULT NULL,
  `glovebox` longtext DEFAULT NULL
) ENGINE=InnoDB DEFAULT CHARSET=utf8 COLLATE=utf8_general_ci;

--
-- Dumping data for table `owned_vehicles`
--

INSERT INTO `owned_vehicles` (`owner`, `plate`, `vehicle`, `type`, `job`, `stored`, `parking`, `pound`, `mileage`, `trunk`, `glovebox`) VALUES
('char1:ddaad29d4d4f3554e7282524e6d35fc013ab833d', 'BUC 374', '{\"modLivery\":-1,\"doorsBroken\":{\"4\":false,\"3\":false,\"2\":false,\"1\":false,\"0\":false},\"windowTint\":-1,\"modFender\":-1,\"modPlateHolder\":-1,\"modDoorSpeaker\":-1,\"fuelLevel\":60,\"wheelColor\":156,\"windowsBroken\":{\"7\":false,\"6\":false,\"5\":true,\"4\":true,\"3\":false,\"2\":false,\"1\":false,\"0\":false},\"modSuspension\":-1,\"tankHealth\":1000,\"modAPlate\":-1,\"modAirFilter\":-1,\"color2\":0,\"neonEnabled\":[false,false,false,false],\"modEngine\":-1,\"modXenon\":false,\"modSmokeEnabled\":false,\"modFrame\":-1,\"modSpoilers\":-1,\"modWindows\":-1,\"modVanityPlate\":-1,\"modCustomFrontWheels\":false,\"modTransmission\":-1,\"modSideSkirt\":-1,\"modOrnaments\":-1,\"modTank\":-1,\"engineHealth\":1000,\"modHydrolic\":-1,\"modTrunk\":-1,\"modStruts\":-1,\"modSpeakers\":-1,\"model\":-1045541610,\"wheels\":0,\"extras\":[],\"xenonColor\":255,\"modExhaust\":-1,\"tyresCanBurst\":1,\"modGrille\":-1,\"modSteeringWheel\":-1,\"modArchCover\":-1,\"dirtLevel\":7,\"neonColor\":[255,0,255],\"bodyHealth\":1000,\"modFrontBumper\":-1,\"modArmor\":-1,\"modRoofLivery\":-1,\"modHorns\":-1,\"modBrakes\":-1,\"modFrontWheels\":-1,\"modShifterLeavers\":-1,\"modRightFender\":-1,\"dashboardColor\":0,\"color1\":0,\"modSeats\":-1,\"modRearBumper\":-1,\"modDashboard\":-1,\"modLightbar\":-1,\"modCustomBackWheels\":false,\"modTrimB\":-1,\"tyreSmokeColor\":[255,255,255],\"modTrimA\":-1,\"modBackWheels\":-1,\"modEngineBlock\":-1,\"modDial\":-1,\"modHood\":-1,\"interiorColor\":0,\"modRoof\":-1,\"modAerials\":-1,\"plateIndex\":0,\"pearlescentColor\":0,\"plate\":\"BUC 374\",\"tyreBurst\":{\"0\":false,\"1\":false,\"5\":false,\"4\":false},\"modTurbo\":false}', 'car', NULL, 0, NULL, NULL, 1.38, NULL, NULL),
('char1:ddaad29d4d4f3554e7282524e6d35fc013ab833d', 'FXB 670', '{\"modOrnaments\":-1,\"modEngine\":-1,\"extras\":{\"7\":1,\"11\":1,\"10\":1,\"2\":1,\"1\":1},\"plateIndex\":4,\"modDoorSpeaker\":-1,\"modArchCover\":-1,\"modHydrolic\":-1,\"model\":353883353,\"modRoofLivery\":-1,\"modFrame\":-1,\"modCustomFrontWheels\":false,\"modSteeringWheel\":-1,\"modVanityPlate\":-1,\"color2\":0,\"modTrimB\":-1,\"modWindows\":-1,\"modFender\":-1,\"wheelColor\":156,\"modRearBumper\":-1,\"modStruts\":-1,\"modShifterLeavers\":-1,\"dashboardColor\":0,\"tyreBurst\":{\"0\":false,\"5\":false,\"1\":false,\"4\":false},\"modSmokeEnabled\":false,\"modEngineBlock\":-1,\"windowsBroken\":{\"4\":false,\"5\":false,\"6\":false,\"7\":false,\"0\":false,\"1\":false,\"2\":false,\"3\":false},\"modBackWheels\":-1,\"dirtLevel\":9,\"modTransmission\":-1,\"wheels\":0,\"modTank\":-1,\"color1\":134,\"tyresCanBurst\":false,\"plate\":\"FXB 670\",\"modSeats\":-1,\"modTrunk\":-1,\"neonEnabled\":[false,false,false,false],\"windowTint\":-1,\"modDashboard\":-1,\"modLivery\":0,\"fuelLevel\":100,\"modSpeakers\":-1,\"modSideSkirt\":-1,\"modHood\":-1,\"modBrakes\":-1,\"xenonColor\":255,\"modPlateHolder\":-1,\"modFrontWheels\":-1,\"modSuspension\":-1,\"modAirFilter\":-1,\"interiorColor\":0,\"modCustomBackWheels\":false,\"tankHealth\":1000,\"modSpoilers\":-1,\"modRoof\":-1,\"modAerials\":-1,\"modArmor\":-1,\"modTrimA\":-1,\"modRightFender\":-1,\"engineHealth\":1000,\"modFrontBumper\":-1,\"neonColor\":[255,0,255],\"modXenon\":false,\"doorsBroken\":{\"0\":false,\"1\":false,\"2\":false},\"modExhaust\":-1,\"pearlescentColor\":112,\"modAPlate\":-1,\"modDial\":-1,\"modLightbar\":-1,\"bodyHealth\":1000,\"modGrille\":-1,\"tyreSmokeColor\":[255,255,255],\"modTurbo\":false,\"modHorns\":-1}', 'helicopter', 'police', 2, NULL, 'LosSantos', 3.04, NULL, NULL),
('char1:ddaad29d4d4f3554e7282524e6d35fc013ab833d', 'KKJ 563', '{\"modOrnaments\":-1,\"modEngine\":3,\"extras\":{\"1\":1},\"plateIndex\":0,\"modDoorSpeaker\":-1,\"modArchCover\":-1,\"modHydrolic\":-1,\"model\":-777172681,\"modRoofLivery\":-1,\"modFrame\":-1,\"modCustomFrontWheels\":false,\"modSteeringWheel\":-1,\"modVanityPlate\":-1,\"color2\":5,\"modTrimB\":-1,\"modWindows\":-1,\"modFender\":-1,\"wheelColor\":111,\"modRearBumper\":-1,\"modStruts\":-1,\"modShifterLeavers\":-1,\"dashboardColor\":111,\"tyreBurst\":{\"0\":false,\"5\":false,\"1\":false,\"4\":false},\"modSmokeEnabled\":1,\"modEngineBlock\":-1,\"windowsBroken\":{\"4\":true,\"5\":true,\"6\":false,\"7\":false,\"0\":false,\"1\":false,\"2\":false,\"3\":false},\"modBackWheels\":-1,\"dirtLevel\":0.1,\"modTransmission\":2,\"wheels\":0,\"modTank\":-1,\"color1\":112,\"tyresCanBurst\":1,\"plate\":\"KKJ 563\",\"modSeats\":-1,\"modTrunk\":-1,\"neonEnabled\":[false,false,false,false],\"windowTint\":-1,\"modDashboard\":-1,\"modLivery\":-1,\"fuelLevel\":65,\"modSpeakers\":-1,\"modSideSkirt\":-1,\"modHood\":-1,\"modBrakes\":2,\"xenonColor\":255,\"modPlateHolder\":-1,\"modFrontWheels\":-1,\"modSuspension\":2,\"modAirFilter\":-1,\"interiorColor\":111,\"modCustomBackWheels\":false,\"tankHealth\":1000,\"modSpoilers\":-1,\"modRoof\":-1,\"modAerials\":-1,\"modArmor\":4,\"modTrimA\":-1,\"modRightFender\":-1,\"engineHealth\":1000,\"modFrontBumper\":-1,\"neonColor\":[255,0,255],\"modXenon\":false,\"doorsBroken\":{\"0\":false,\"1\":false,\"2\":false,\"3\":false},\"modExhaust\":-1,\"pearlescentColor\":36,\"modAPlate\":-1,\"modDial\":-1,\"modLightbar\":-1,\"bodyHealth\":1000,\"modGrille\":-1,\"tyreSmokeColor\":[255,255,255],\"modTurbo\":1,\"modHorns\":-1}', 'car', 'civ', 2, NULL, 'LosSantos', 1.71, NULL, NULL),
('char1:ddaad29d4d4f3554e7282524e6d35fc013ab833d', 'RBE 973', '{\"model\":-998177792,\"plate\":\"RBE 973\"}', 'car', NULL, 2, NULL, 'LosSantos', 0, NULL, NULL),
('char1:ddaad29d4d4f3554e7282524e6d35fc013ab833d', 'RGZ 679', '{\"model\":-1461482751,\"plate\":\"RGZ 679\"}', 'car', NULL, 2, NULL, 'LosSantos', 0, NULL, NULL),
('char1:ddaad29d4d4f3554e7282524e6d35fc013ab833d', 'VVN 616', '{\"modGrille\":-1,\"modSmokeEnabled\":1,\"modOrnaments\":-1,\"pearlescentColor\":88,\"modDial\":-1,\"color2\":36,\"xenonColor\":255,\"modLivery\":-1,\"modShifterLeavers\":-1,\"modTank\":-1,\"modHydrolic\":-1,\"modTrimA\":-1,\"modFrontBumper\":-1,\"fuelLevel\":65.0,\"modExhaust\":-1,\"tyreSmokeColor\":[255,255,255],\"modArchCover\":-1,\"plate\":\"VVN 616\",\"modAirFilter\":-1,\"modPlateHolder\":-1,\"modTrimB\":-1,\"modTurbo\":1,\"tyreBurst\":{\"5\":false,\"1\":false,\"4\":false,\"0\":false},\"modSpeakers\":-1,\"modDashboard\":-1,\"model\":-313185164,\"modSideSkirt\":-1,\"dashboardColor\":0,\"modWindows\":-1,\"modStruts\":-1,\"dirtLevel\":0.0,\"modXenon\":false,\"modRoofLivery\":-1,\"plateIndex\":0,\"modFrontWheels\":-1,\"bodyHealth\":1000.0,\"wheelColor\":12,\"extras\":[],\"color1\":88,\"neonColor\":[255,0,255],\"modCustomBackWheels\":false,\"modVanityPlate\":-1,\"modRoof\":-1,\"modRightFender\":-1,\"modTrunk\":-1,\"modFender\":-1,\"modEngineBlock\":-1,\"modSeats\":-1,\"modRearBumper\":-1,\"engineHealth\":1000.0,\"modCustomFrontWheels\":false,\"modBackWheels\":-1,\"interiorColor\":0,\"windowTint\":-1,\"doorsBroken\":{\"0\":false,\"1\":false,\"2\":false,\"3\":false,\"4\":false},\"modAPlate\":-1,\"windowsBroken\":{\"5\":true,\"6\":false,\"7\":true,\"0\":false,\"1\":false,\"2\":true,\"3\":true,\"4\":true},\"wheels\":7,\"tyresCanBurst\":1,\"modSpoilers\":-1,\"modLightbar\":-1,\"modHorns\":-1,\"modFrame\":-1,\"modAerials\":-1,\"tankHealth\":1000.0,\"modDoorSpeaker\":-1,\"modEngine\":3,\"modHood\":-1,\"modSteeringWheel\":-1,\"modSuspension\":3,\"modBrakes\":2,\"modArmor\":4,\"modTransmission\":2,\"neonEnabled\":[false,false,false,false]}', 'car', 'civ', 1, NULL, NULL, 0.97, NULL, NULL),
('char1:ddaad29d4d4f3554e7282524e6d35fc013ab833d', 'YTA 843', '{\"model\":884483972,\"plate\":\"YTA 843\"}', 'car', NULL, 2, NULL, 'LosSantos', 5.27, NULL, NULL);

-- --------------------------------------------------------

--
-- Table structure for table `ox_inventory`
--

CREATE TABLE `ox_inventory` (
  `owner` varchar(46) DEFAULT NULL,
  `name` varchar(100) NOT NULL,
  `data` longtext DEFAULT NULL,
  `lastupdated` timestamp NULL DEFAULT current_timestamp() ON UPDATE current_timestamp()
) ENGINE=InnoDB DEFAULT CHARSET=utf8 COLLATE=utf8_general_ci;

-- --------------------------------------------------------

--
-- Table structure for table `rented_vehicles`
--

CREATE TABLE `rented_vehicles` (
  `vehicle` varchar(60) NOT NULL,
  `plate` varchar(12) NOT NULL,
  `player_name` varchar(255) NOT NULL,
  `base_price` int(11) NOT NULL,
  `rent_price` int(11) NOT NULL,
  `owner` varchar(46) DEFAULT NULL
) ENGINE=InnoDB DEFAULT CHARSET=utf8 COLLATE=utf8_general_ci;

-- --------------------------------------------------------

--
-- Table structure for table `renzu_stores`
--

CREATE TABLE `renzu_stores` (
  `id` int(11) NOT NULL,
  `shop` varchar(60) DEFAULT NULL,
  `owner` varchar(46) DEFAULT NULL,
  `money` longtext DEFAULT NULL,
  `items` longtext DEFAULT NULL,
  `employee` longtext DEFAULT NULL,
  `cashier` longtext DEFAULT NULL,
  `customitems` longtext DEFAULT NULL,
  `job` varchar(64) DEFAULT NULL
) ENGINE=InnoDB DEFAULT CHARSET=utf8 COLLATE=utf8_general_ci;

-- --------------------------------------------------------

--
-- Table structure for table `society_moneywash`
--

CREATE TABLE `society_moneywash` (
  `id` int(11) NOT NULL,
  `identifier` varchar(46) DEFAULT NULL,
  `society` varchar(60) NOT NULL,
  `amount` int(11) NOT NULL
) ENGINE=InnoDB DEFAULT CHARSET=utf8 COLLATE=utf8_general_ci;

-- --------------------------------------------------------

--
-- Table structure for table `users`
--

CREATE TABLE `users` (
  `identifier` varchar(46) NOT NULL,
  `accounts` longtext DEFAULT NULL,
  `group` varchar(50) DEFAULT 'user',
  `inventory` longtext DEFAULT NULL,
  `job` varchar(20) DEFAULT 'unemployed',
  `job_grade` int(11) DEFAULT 0,
  `loadout` longtext DEFAULT NULL,
  `metadata` longtext DEFAULT NULL,
  `position` longtext DEFAULT NULL,
  `firstname` varchar(16) DEFAULT NULL,
  `lastname` varchar(16) DEFAULT NULL,
  `dateofbirth` varchar(10) DEFAULT NULL,
  `sex` varchar(1) DEFAULT NULL,
  `height` int(11) DEFAULT NULL,
  `skin` longtext DEFAULT NULL,
  `status` longtext DEFAULT NULL,
  `is_dead` tinyint(1) DEFAULT 0,
  `id` int(11) NOT NULL,
  `disabled` tinyint(1) DEFAULT 0,
  `last_property` varchar(255) DEFAULT NULL,
  `created_at` timestamp NULL DEFAULT current_timestamp(),
  `last_seen` timestamp NULL DEFAULT NULL ON UPDATE current_timestamp(),
  `phone_number` varchar(20) DEFAULT NULL,
  `pincode` int(11) DEFAULT NULL
) ENGINE=InnoDB DEFAULT CHARSET=utf8 COLLATE=utf8_general_ci;

--
-- Dumping data for table `users`
--

INSERT INTO `users` (`identifier`, `accounts`, `group`, `inventory`, `job`, `job_grade`, `loadout`, `metadata`, `position`, `firstname`, `lastname`, `dateofbirth`, `sex`, `height`, `skin`, `status`, `is_dead`, `id`, `disabled`, `last_property`, `created_at`, `last_seen`, `phone_number`, `pincode`) VALUES
('char1:ddaad29d4d4f3554e7282524e6d35fc013ab833d', '{\"black_money\":0,\"money\":22485120,\"bank\":90001300}', 'admin', '[{\"name\":\"money\",\"count\":22485120,\"slot\":1},{\"name\":\"water\",\"count\":5,\"slot\":2},{\"name\":\"cola\",\"count\":8,\"slot\":3},{\"name\":\"phone\",\"count\":1,\"slot\":4},{\"name\":\"burger\",\"count\":9,\"slot\":5}]', 'miner', 0, '[]', '{\"health\":200,\"armor\":0}', '{\"y\":-1277.5780029296876,\"x\":289.3714294433594,\"z\":30.4593505859375}', 'Lyy', 'Nguyen', '27/05/2003', 'm', 180, '{\"bodyb_2\":0,\"cheeks_1\":0,\"beard_1\":11,\"eyebrows_4\":0,\"shoes_2\":0,\"chin_3\":0,\"watches_2\":0,\"pants_1\":0,\"nose_4\":0,\"nose_3\":0,\"blush_3\":0,\"eyebrows_1\":0,\"sun_2\":0,\"jaw_2\":0,\"decals_1\":0,\"shoes_1\":0,\"bproof_1\":0,\"ears_2\":0,\"nose_1\":0,\"hair_color_2\":0,\"ears_1\":-1,\"skin_md_weight\":50,\"cheeks_3\":0,\"blush_2\":0,\"eyebrows_3\":0,\"bodyb_1\":-1,\"nose_2\":0,\"blemishes_1\":0,\"arms_2\":0,\"chest_3\":0,\"pants_2\":0,\"bproof_2\":0,\"mask_1\":0,\"chin_13\":0,\"glasses_1\":0,\"torso_1\":0,\"beard_2\":10,\"hair_1\":0,\"dad\":0,\"blush_1\":0,\"bracelets_2\":0,\"sun_1\":0,\"beard_4\":0,\"sex\":0,\"lipstick_4\":0,\"decals_2\":0,\"nose_6\":0,\"eye_color\":0,\"face_md_weight\":50,\"makeup_3\":0,\"blemishes_2\":0,\"helmet_1\":-1,\"bags_1\":0,\"glasses_2\":0,\"helmet_2\":0,\"bodyb_3\":-1,\"cheeks_2\":0,\"nose_5\":0,\"makeup_1\":0,\"chest_2\":0,\"age_1\":0,\"lip_thickness\":0,\"neck_thickness\":0,\"bags_2\":0,\"lipstick_3\":0,\"chin_2\":0,\"tshirt_2\":0,\"eyebrows_6\":0,\"moles_1\":0,\"moles_2\":0,\"complexion_2\":0,\"mask_2\":0,\"watches_1\":-1,\"age_2\":0,\"chin_1\":0,\"eye_squint\":0,\"beard_3\":0,\"bracelets_1\":-1,\"eyebrows_2\":0,\"bodyb_4\":0,\"arms\":0,\"chin_4\":0,\"hair_color_1\":0,\"eyebrows_5\":0,\"chest_1\":0,\"torso_2\":0,\"chain_1\":0,\"tshirt_1\":0,\"complexion_1\":0,\"jaw_1\":0,\"makeup_2\":0,\"lipstick_1\":0,\"chain_2\":0,\"lipstick_2\":0,\"makeup_4\":0,\"mom\":22,\"hair_2\":0}', '[{\"val\":0,\"name\":\"drunk\",\"percent\":0.0},{\"val\":488800,\"name\":\"hunger\",\"percent\":48.88},{\"val\":491600,\"name\":\"thirst\",\"percent\":49.16}]', 0, 3, 0, NULL, '2023-11-12 14:02:54', '2023-11-16 10:30:43', NULL, 1234);

-- --------------------------------------------------------

--
-- Table structure for table `user_licenses`
--

CREATE TABLE `user_licenses` (
  `id` int(11) NOT NULL,
  `type` varchar(60) NOT NULL,
  `owner` varchar(46) DEFAULT NULL
) ENGINE=InnoDB DEFAULT CHARSET=utf8 COLLATE=utf8_general_ci;

-- --------------------------------------------------------

--
-- Table structure for table `vehicles`
--

CREATE TABLE `vehicles` (
  `name` varchar(60) NOT NULL,
  `model` varchar(60) NOT NULL,
  `price` int(11) NOT NULL,
  `category` varchar(60) DEFAULT NULL
) ENGINE=InnoDB DEFAULT CHARSET=utf8 COLLATE=utf8_general_ci;

--
-- Dumping data for table `vehicles`
--

INSERT INTO `vehicles` (`name`, `model`, `price`, `category`) VALUES
('Adder', 'adder', 900000, 'super'),
('Akuma', 'AKUMA', 7500, 'motorcycles'),
('Alpha', 'alpha', 60000, 'sports'),
('Ardent', 'ardent', 1150000, 'sportsclassics'),
('Asea', 'asea', 5500, 'sedans'),
('Autarch', 'autarch', 1955000, 'super'),
('Avarus', 'avarus', 18000, 'motorcycles'),
('Bagger', 'bagger', 13500, 'motorcycles'),
('Baller', 'baller2', 40000, 'suvs'),
('Baller Sport', 'baller3', 60000, 'suvs'),
('Banshee', 'banshee', 70000, 'sports'),
('Banshee 900R', 'banshee2', 255000, 'super'),
('Bati 801', 'bati', 12000, 'motorcycles'),
('Bati 801RR', 'bati2', 19000, 'motorcycles'),
('Bestia GTS', 'bestiagts', 55000, 'sports'),
('BF400', 'bf400', 6500, 'motorcycles'),
('Bf Injection', 'bfinjection', 16000, 'offroad'),
('Bifta', 'bifta', 12000, 'offroad'),
('Bison', 'bison', 45000, 'vans'),
('Blade', 'blade', 15000, 'muscle'),
('Blazer', 'blazer', 6500, 'offroad'),
('Blazer Sport', 'blazer4', 8500, 'offroad'),
('blazer5', 'blazer5', 1755600, 'offroad'),
('Blista', 'blista', 8000, 'compacts'),
('BMX (velo)', 'bmx', 160, 'motorcycles'),
('Bobcat XL', 'bobcatxl', 32000, 'vans'),
('Brawler', 'brawler', 45000, 'offroad'),
('Brioso R/A', 'brioso', 18000, 'compacts'),
('Btype', 'btype', 62000, 'sportsclassics'),
('Btype Hotroad', 'btype2', 155000, 'sportsclassics'),
('Btype Luxe', 'btype3', 85000, 'sportsclassics'),
('Buccaneer', 'buccaneer', 18000, 'muscle'),
('Buccaneer Rider', 'buccaneer2', 24000, 'muscle'),
('Buffalo', 'buffalo', 12000, 'sports'),
('Buffalo S', 'buffalo2', 20000, 'sports'),
('Bullet', 'bullet', 90000, 'super'),
('Burrito', 'burrito3', 19000, 'vans'),
('Camper', 'camper', 42000, 'vans'),
('Carbonizzare', 'carbonizzare', 75000, 'sports'),
('Carbon RS', 'carbonrs', 18000, 'motorcycles'),
('Casco', 'casco', 30000, 'sportsclassics'),
('Cavalcade', 'cavalcade2', 55000, 'suvs'),
('Cheetah', 'cheetah', 375000, 'super'),
('Chimera', 'chimera', 38000, 'motorcycles'),
('Chino', 'chino', 15000, 'muscle'),
('Chino Luxe', 'chino2', 19000, 'muscle'),
('Cliffhanger', 'cliffhanger', 9500, 'motorcycles'),
('Cognoscenti Cabrio', 'cogcabrio', 55000, 'coupes'),
('Cognoscenti', 'cognoscenti', 55000, 'sedans'),
('Comet', 'comet2', 65000, 'sports'),
('Comet 5', 'comet5', 1145000, 'sports'),
('Contender', 'contender', 70000, 'suvs'),
('Coquette', 'coquette', 65000, 'sports'),
('Coquette Classic', 'coquette2', 40000, 'sportsclassics'),
('Coquette BlackFin', 'coquette3', 55000, 'muscle'),
('Cruiser (velo)', 'cruiser', 510, 'motorcycles'),
('Cyclone', 'cyclone', 1890000, 'super'),
('Daemon', 'daemon', 11500, 'motorcycles'),
('Daemon High', 'daemon2', 13500, 'motorcycles'),
('Defiler', 'defiler', 9800, 'motorcycles'),
('Deluxo', 'deluxo', 4721500, 'sportsclassics'),
('Dominator', 'dominator', 35000, 'muscle'),
('Double T', 'double', 28000, 'motorcycles'),
('Dubsta', 'dubsta', 45000, 'suvs'),
('Dubsta Luxuary', 'dubsta2', 60000, 'suvs'),
('Bubsta 6x6', 'dubsta3', 120000, 'offroad'),
('Dukes', 'dukes', 28000, 'muscle'),
('Dune Buggy', 'dune', 8000, 'offroad'),
('Elegy', 'elegy2', 38500, 'sports'),
('Emperor', 'emperor', 8500, 'sedans'),
('Enduro', 'enduro', 5500, 'motorcycles'),
('Entity XF', 'entityxf', 425000, 'super'),
('Esskey', 'esskey', 4200, 'motorcycles'),
('Exemplar', 'exemplar', 32000, 'coupes'),
('F620', 'f620', 40000, 'coupes'),
('Faction', 'faction', 20000, 'muscle'),
('Faction Rider', 'faction2', 30000, 'muscle'),
('Faction XL', 'faction3', 40000, 'muscle'),
('Faggio', 'faggio', 1900, 'motorcycles'),
('Vespa', 'faggio2', 2800, 'motorcycles'),
('Felon', 'felon', 42000, 'coupes'),
('Felon GT', 'felon2', 55000, 'coupes'),
('Feltzer', 'feltzer2', 55000, 'sports'),
('Stirling GT', 'feltzer3', 65000, 'sportsclassics'),
('Fixter (velo)', 'fixter', 225, 'motorcycles'),
('FMJ', 'fmj', 185000, 'super'),
('Fhantom', 'fq2', 17000, 'suvs'),
('Fugitive', 'fugitive', 12000, 'sedans'),
('Furore GT', 'furoregt', 45000, 'sports'),
('Fusilade', 'fusilade', 40000, 'sports'),
('Gargoyle', 'gargoyle', 16500, 'motorcycles'),
('Gauntlet', 'gauntlet', 30000, 'muscle'),
('Gang Burrito', 'gburrito', 45000, 'vans'),
('Burrito', 'gburrito2', 29000, 'vans'),
('Glendale', 'glendale', 6500, 'sedans'),
('Grabger', 'granger', 50000, 'suvs'),
('Gresley', 'gresley', 47500, 'suvs'),
('GT 500', 'gt500', 785000, 'sportsclassics'),
('Guardian', 'guardian', 45000, 'offroad'),
('Hakuchou', 'hakuchou', 31000, 'motorcycles'),
('Hakuchou Sport', 'hakuchou2', 55000, 'motorcycles'),
('Hermes', 'hermes', 535000, 'muscle'),
('Hexer', 'hexer', 12000, 'motorcycles'),
('Hotknife', 'hotknife', 125000, 'muscle'),
('Huntley S', 'huntley', 40000, 'suvs'),
('Hustler', 'hustler', 625000, 'muscle'),
('Infernus', 'infernus', 180000, 'super'),
('Innovation', 'innovation', 23500, 'motorcycles'),
('Intruder', 'intruder', 7500, 'sedans'),
('Issi', 'issi2', 10000, 'compacts'),
('Jackal', 'jackal', 38000, 'coupes'),
('Jester', 'jester', 65000, 'sports'),
('Jester(Racecar)', 'jester2', 135000, 'sports'),
('Journey', 'journey', 6500, 'vans'),
('Kamacho', 'kamacho', 345000, 'offroad'),
('Khamelion', 'khamelion', 38000, 'sports'),
('Kuruma', 'kuruma', 30000, 'sports'),
('Landstalker', 'landstalker', 35000, 'suvs'),
('RE-7B', 'le7b', 325000, 'super'),
('Lynx', 'lynx', 40000, 'sports'),
('Mamba', 'mamba', 70000, 'sports'),
('Manana', 'manana', 12800, 'sportsclassics'),
('Manchez', 'manchez', 5300, 'motorcycles'),
('Massacro', 'massacro', 65000, 'sports'),
('Massacro(Racecar)', 'massacro2', 130000, 'sports'),
('Mesa', 'mesa', 16000, 'suvs'),
('Mesa Trail', 'mesa3', 40000, 'suvs'),
('Minivan', 'minivan', 13000, 'vans'),
('Monroe', 'monroe', 55000, 'sportsclassics'),
('The Liberator', 'monster', 210000, 'offroad'),
('Moonbeam', 'moonbeam', 18000, 'vans'),
('Moonbeam Rider', 'moonbeam2', 35000, 'vans'),
('Nemesis', 'nemesis', 5800, 'motorcycles'),
('Neon', 'neon', 1500000, 'sports'),
('Nightblade', 'nightblade', 35000, 'motorcycles'),
('Nightshade', 'nightshade', 65000, 'muscle'),
('9F', 'ninef', 65000, 'sports'),
('9F Cabrio', 'ninef2', 80000, 'sports'),
('Omnis', 'omnis', 35000, 'sports'),
('Oppressor', 'oppressor', 3524500, 'super'),
('Oracle XS', 'oracle2', 35000, 'coupes'),
('Osiris', 'osiris', 160000, 'super'),
('Panto', 'panto', 10000, 'compacts'),
('Paradise', 'paradise', 19000, 'vans'),
('Pariah', 'pariah', 1420000, 'sports'),
('Patriot', 'patriot', 55000, 'suvs'),
('PCJ-600', 'pcj', 6200, 'motorcycles'),
('Penumbra', 'penumbra', 28000, 'sports'),
('Pfister', 'pfister811', 85000, 'super'),
('Phoenix', 'phoenix', 12500, 'muscle'),
('Picador', 'picador', 18000, 'muscle'),
('Pigalle', 'pigalle', 20000, 'sportsclassics'),
('Prairie', 'prairie', 12000, 'compacts'),
('Premier', 'premier', 8000, 'sedans'),
('Primo Custom', 'primo2', 14000, 'sedans'),
('X80 Proto', 'prototipo', 2500000, 'super'),
('Radius', 'radi', 29000, 'suvs'),
('raiden', 'raiden', 1375000, 'sports'),
('Rapid GT', 'rapidgt', 35000, 'sports'),
('Rapid GT Convertible', 'rapidgt2', 45000, 'sports'),
('Rapid GT3', 'rapidgt3', 885000, 'sportsclassics'),
('Reaper', 'reaper', 150000, 'super'),
('Rebel', 'rebel2', 35000, 'offroad'),
('Regina', 'regina', 5000, 'sedans'),
('Retinue', 'retinue', 615000, 'sportsclassics'),
('Revolter', 'revolter', 1610000, 'sports'),
('riata', 'riata', 380000, 'offroad'),
('Rocoto', 'rocoto', 45000, 'suvs'),
('Ruffian', 'ruffian', 6800, 'motorcycles'),
('Ruiner 2', 'ruiner2', 5745600, 'muscle'),
('Rumpo', 'rumpo', 15000, 'vans'),
('Rumpo Trail', 'rumpo3', 19500, 'vans'),
('Sabre Turbo', 'sabregt', 20000, 'muscle'),
('Sabre GT', 'sabregt2', 25000, 'muscle'),
('Sanchez', 'sanchez', 5300, 'motorcycles'),
('Sanchez Sport', 'sanchez2', 5300, 'motorcycles'),
('Sanctus', 'sanctus', 25000, 'motorcycles'),
('Sandking', 'sandking', 55000, 'offroad'),
('Savestra', 'savestra', 990000, 'sportsclassics'),
('SC 1', 'sc1', 1603000, 'super'),
('Schafter', 'schafter2', 25000, 'sedans'),
('Schafter V12', 'schafter3', 50000, 'sports'),
('Scorcher (velo)', 'scorcher', 280, 'motorcycles'),
('Seminole', 'seminole', 25000, 'suvs'),
('Sentinel', 'sentinel', 32000, 'coupes'),
('Sentinel XS', 'sentinel2', 40000, 'coupes'),
('Sentinel3', 'sentinel3', 650000, 'sports'),
('Seven 70', 'seven70', 39500, 'sports'),
('ETR1', 'sheava', 220000, 'super'),
('Shotaro Concept', 'shotaro', 320000, 'motorcycles'),
('Slam Van', 'slamvan3', 11500, 'muscle'),
('Sovereign', 'sovereign', 22000, 'motorcycles'),
('Stinger', 'stinger', 80000, 'sportsclassics'),
('Stinger GT', 'stingergt', 75000, 'sportsclassics'),
('Streiter', 'streiter', 500000, 'sports'),
('Stretch', 'stretch', 90000, 'sedans'),
('Stromberg', 'stromberg', 3185350, 'sports'),
('Sultan', 'sultan', 15000, 'sports'),
('Sultan RS', 'sultanrs', 65000, 'super'),
('Super Diamond', 'superd', 130000, 'sedans'),
('Surano', 'surano', 50000, 'sports'),
('Surfer', 'surfer', 12000, 'vans'),
('T20', 't20', 300000, 'super'),
('Tailgater', 'tailgater', 30000, 'sedans'),
('Tampa', 'tampa', 16000, 'muscle'),
('Drift Tampa', 'tampa2', 80000, 'sports'),
('Thrust', 'thrust', 24000, 'motorcycles'),
('Tri bike (velo)', 'tribike3', 520, 'motorcycles'),
('Trophy Truck', 'trophytruck', 60000, 'offroad'),
('Trophy Truck Limited', 'trophytruck2', 80000, 'offroad'),
('Tropos', 'tropos', 40000, 'sports'),
('Turismo R', 'turismor', 350000, 'super'),
('Tyrus', 'tyrus', 600000, 'super'),
('Vacca', 'vacca', 120000, 'super'),
('Vader', 'vader', 7200, 'motorcycles'),
('Verlierer', 'verlierer2', 70000, 'sports'),
('Vigero', 'vigero', 12500, 'muscle'),
('Virgo', 'virgo', 14000, 'muscle'),
('Viseris', 'viseris', 875000, 'sportsclassics'),
('Visione', 'visione', 2250000, 'super'),
('Voltic', 'voltic', 90000, 'super'),
('Voltic 2', 'voltic2', 3830400, 'super'),
('Voodoo', 'voodoo', 7200, 'muscle'),
('Vortex', 'vortex', 9800, 'motorcycles'),
('Warrener', 'warrener', 4000, 'sedans'),
('Washington', 'washington', 9000, 'sedans'),
('Windsor', 'windsor', 95000, 'coupes'),
('Windsor Drop', 'windsor2', 125000, 'coupes'),
('Woflsbane', 'wolfsbane', 9000, 'motorcycles'),
('XLS', 'xls', 32000, 'suvs'),
('Yosemite', 'yosemite', 485000, 'muscle'),
('Youga', 'youga', 10800, 'vans'),
('Youga Luxuary', 'youga2', 14500, 'vans'),
('Z190', 'z190', 900000, 'sportsclassics'),
('Zentorno', 'zentorno', 1500000, 'super'),
('Zion', 'zion', 36000, 'coupes'),
('Zion Cabrio', 'zion2', 45000, 'coupes'),
('Zombie', 'zombiea', 9500, 'motorcycles'),
('Zombie Luxuary', 'zombieb', 12000, 'motorcycles'),
('Z-Type', 'ztype', 220000, 'sportsclassics');

-- --------------------------------------------------------

--
-- Table structure for table `vehicle_categories`
--

CREATE TABLE `vehicle_categories` (
  `name` varchar(60) NOT NULL,
  `label` varchar(60) NOT NULL
) ENGINE=InnoDB DEFAULT CHARSET=utf8 COLLATE=utf8_general_ci;

--
-- Dumping data for table `vehicle_categories`
--

INSERT INTO `vehicle_categories` (`name`, `label`) VALUES
('compacts', 'Compacts'),
('coupes', 'Coups'),
('motorcycles', 'Motos'),
('muscle', 'Muscle'),
('offroad', 'Off Road'),
('sedans', 'Sedans'),
('sports', 'Sports'),
('sportsclassics', 'Sports Classics'),
('super', 'Super'),
('suvs', 'SUVs'),
('vans', 'Vans');

-- --------------------------------------------------------

--
-- Table structure for table `vehicle_sold`
--

CREATE TABLE `vehicle_sold` (
  `id` int(11) NOT NULL,
  `client` varchar(50) NOT NULL,
  `model` varchar(50) NOT NULL,
  `plate` varchar(50) NOT NULL,
  `soldby` varchar(50) NOT NULL,
  `date` varchar(50) NOT NULL
) ENGINE=InnoDB DEFAULT CHARSET=utf8 COLLATE=utf8_general_ci;

-- --------------------------------------------------------

--
-- Table structure for table `whitelist`
--

CREATE TABLE `whitelist` (
  `identifier` varchar(46) NOT NULL
) ENGINE=InnoDB DEFAULT CHARSET=utf8 COLLATE=utf8_general_ci;

--
-- Indexes for dumped tables
--

--
-- Indexes for table `addon_account`
--
ALTER TABLE `addon_account`
  ADD PRIMARY KEY (`name`);

--
-- Indexes for table `addon_account_data`
--
ALTER TABLE `addon_account_data`
  ADD PRIMARY KEY (`id`),
  ADD UNIQUE KEY `index_addon_account_data_account_name_owner` (`account_name`,`owner`),
  ADD KEY `index_addon_account_data_account_name` (`account_name`);

--
-- Indexes for table `addon_inventory`
--
ALTER TABLE `addon_inventory`
  ADD PRIMARY KEY (`name`);

--
-- Indexes for table `addon_inventory_items`
--
ALTER TABLE `addon_inventory_items`
  ADD PRIMARY KEY (`id`),
  ADD KEY `index_addon_inventory_items_inventory_name_name` (`inventory_name`,`name`),
  ADD KEY `index_addon_inventory_items_inventory_name_name_owner` (`inventory_name`,`name`,`owner`),
  ADD KEY `index_addon_inventory_inventory_name` (`inventory_name`);

--
-- Indexes for table `banking`
--
ALTER TABLE `banking`
  ADD PRIMARY KEY (`ID`);

--
-- Indexes for table `billing`
--
ALTER TABLE `billing`
  ADD PRIMARY KEY (`id`);

--
-- Indexes for table `cardealer_vehicles`
--
ALTER TABLE `cardealer_vehicles`
  ADD PRIMARY KEY (`id`);

--
-- Indexes for table `datastore`
--
ALTER TABLE `datastore`
  ADD PRIMARY KEY (`name`);

--
-- Indexes for table `datastore_data`
--
ALTER TABLE `datastore_data`
  ADD PRIMARY KEY (`id`),
  ADD UNIQUE KEY `index_datastore_data_name_owner` (`name`,`owner`),
  ADD KEY `index_datastore_data_name` (`name`);

--
-- Indexes for table `financedata`
--
ALTER TABLE `financedata`
  ADD UNIQUE KEY `identifier` (`identifier`);

--
-- Indexes for table `fine_types`
--
ALTER TABLE `fine_types`
  ADD PRIMARY KEY (`id`);

--
-- Indexes for table `items`
--
ALTER TABLE `items`
  ADD PRIMARY KEY (`name`);

--
-- Indexes for table `jobs`
--
ALTER TABLE `jobs`
  ADD PRIMARY KEY (`name`);

--
-- Indexes for table `job_grades`
--
ALTER TABLE `job_grades`
  ADD PRIMARY KEY (`id`);

--
-- Indexes for table `licenses`
--
ALTER TABLE `licenses`
  ADD PRIMARY KEY (`type`);

--
-- Indexes for table `movableshops`
--
ALTER TABLE `movableshops`
  ADD UNIQUE KEY `identifier` (`identifier`);

--
-- Indexes for table `multicharacter_slots`
--
ALTER TABLE `multicharacter_slots`
  ADD PRIMARY KEY (`identifier`) USING BTREE,
  ADD KEY `slots` (`slots`) USING BTREE;

--
-- Indexes for table `owned_vehicles`
--
ALTER TABLE `owned_vehicles`
  ADD PRIMARY KEY (`plate`);

--
-- Indexes for table `ox_inventory`
--
ALTER TABLE `ox_inventory`
  ADD UNIQUE KEY `owner` (`owner`,`name`);

--
-- Indexes for table `rented_vehicles`
--
ALTER TABLE `rented_vehicles`
  ADD PRIMARY KEY (`plate`);

--
-- Indexes for table `renzu_stores`
--
ALTER TABLE `renzu_stores`
  ADD PRIMARY KEY (`id`);

--
-- Indexes for table `society_moneywash`
--
ALTER TABLE `society_moneywash`
  ADD PRIMARY KEY (`id`);

--
-- Indexes for table `users`
--
ALTER TABLE `users`
  ADD PRIMARY KEY (`identifier`),
  ADD UNIQUE KEY `id` (`id`);

--
-- Indexes for table `user_licenses`
--
ALTER TABLE `user_licenses`
  ADD PRIMARY KEY (`id`);

--
-- Indexes for table `vehicle_categories`
--
ALTER TABLE `vehicle_categories`
  ADD PRIMARY KEY (`name`);

--
-- Indexes for table `vehicle_sold`
--
ALTER TABLE `vehicle_sold`
  ADD PRIMARY KEY (`id`);

--
-- Indexes for table `whitelist`
--
ALTER TABLE `whitelist`
  ADD PRIMARY KEY (`identifier`);

--
-- AUTO_INCREMENT for dumped tables
--

--
-- AUTO_INCREMENT for table `addon_account_data`
--
ALTER TABLE `addon_account_data`
  MODIFY `id` int(11) NOT NULL AUTO_INCREMENT, AUTO_INCREMENT=12;

--
-- AUTO_INCREMENT for table `addon_inventory_items`
--
ALTER TABLE `addon_inventory_items`
  MODIFY `id` int(11) NOT NULL AUTO_INCREMENT;

--
-- AUTO_INCREMENT for table `banking`
--
ALTER TABLE `banking`
  MODIFY `ID` int(11) NOT NULL AUTO_INCREMENT;

--
-- AUTO_INCREMENT for table `billing`
--
ALTER TABLE `billing`
  MODIFY `id` int(11) NOT NULL AUTO_INCREMENT;

--
-- AUTO_INCREMENT for table `cardealer_vehicles`
--
ALTER TABLE `cardealer_vehicles`
  MODIFY `id` int(11) NOT NULL AUTO_INCREMENT;

--
-- AUTO_INCREMENT for table `datastore_data`
--
ALTER TABLE `datastore_data`
  MODIFY `id` int(11) NOT NULL AUTO_INCREMENT, AUTO_INCREMENT=33;

--
-- AUTO_INCREMENT for table `fine_types`
--
ALTER TABLE `fine_types`
  MODIFY `id` int(11) NOT NULL AUTO_INCREMENT, AUTO_INCREMENT=53;

--
-- AUTO_INCREMENT for table `job_grades`
--
ALTER TABLE `job_grades`
  MODIFY `id` int(11) NOT NULL AUTO_INCREMENT, AUTO_INCREMENT=41;

--
-- AUTO_INCREMENT for table `renzu_stores`
--
ALTER TABLE `renzu_stores`
  MODIFY `id` int(11) NOT NULL AUTO_INCREMENT;

--
-- AUTO_INCREMENT for table `society_moneywash`
--
ALTER TABLE `society_moneywash`
  MODIFY `id` int(11) NOT NULL AUTO_INCREMENT;

--
-- AUTO_INCREMENT for table `users`
--
ALTER TABLE `users`
  MODIFY `id` int(11) NOT NULL AUTO_INCREMENT, AUTO_INCREMENT=4;

--
-- AUTO_INCREMENT for table `user_licenses`
--
ALTER TABLE `user_licenses`
  MODIFY `id` int(11) NOT NULL AUTO_INCREMENT;

--
-- AUTO_INCREMENT for table `vehicle_sold`
--
ALTER TABLE `vehicle_sold`
  MODIFY `id` int(11) NOT NULL AUTO_INCREMENT;
COMMIT;

/*!40101 SET CHARACTER_SET_CLIENT=@OLD_CHARACTER_SET_CLIENT */;
/*!40101 SET CHARACTER_SET_RESULTS=@OLD_CHARACTER_SET_RESULTS */;
/*!40101 SET COLLATION_CONNECTION=@OLD_COLLATION_CONNECTION */;
